Journal,Title,PMID,DOI,Relevance Score,PubMed Link
"The Journal of bone and joint surgery. American volume","Physical Activity and 4-Year Radiographic Medial Joint Space Loss in Knee Osteoarthritis: A Joint Model Analysis.",41337563,"10.2106/JBJS.25.00656",63,"https://pubmed.ncbi.nlm.nih.gov/41337563/"
"The Journal of bone and joint surgery. American volume","Physical Activity and 4-Year Radiographic Medial Joint Space Loss in Knee Osteoarthritis: A Joint Model Analysis.",41337563,"10.2106/JBJS.25.00656",63,"https://pubmed.ncbi.nlm.nih.gov/41337563/"
"American journal of physical medicine & rehabilitation","Inter-Limb Strength Asymmetry and Risk of Total Knee Replacement: A Survival Analysis.",40720300,"10.1097/PHM.0000000000002775",60,"https://pubmed.ncbi.nlm.nih.gov/40720300/"
"American journal of physical medicine & rehabilitation","Inter-Limb Strength Asymmetry and Risk of Total Knee Replacement: A Survival Analysis.",40720300,"10.1097/PHM.0000000000002775",60,"https://pubmed.ncbi.nlm.nih.gov/40720300/"
"Rheumatology (Oxford; England)","An interpretable metabolomic-driven machine learning model for early prediction of knee structural osteoarthritis progression.",41431841,"10.1093/rheumatology/keaf686",59,"https://pubmed.ncbi.nlm.nih.gov/41431841/"
"The Journal of arthroplasty","Preoperative Patient Factors Affecting Length of Stay following Total Knee Arthroplasty: A Systematic Review and Meta-Analysis.",31182407,"10.1016/j.arth.2019.04.048",58,"https://pubmed.ncbi.nlm.nih.gov/31182407/"
"The Journal of arthroplasty","Preoperative Patient Factors Affecting Length of Stay following Total Knee Arthroplasty: A Systematic Review and Meta-Analysis.",31182407,"10.1016/j.arth.2019.04.048",58,"https://pubmed.ncbi.nlm.nih.gov/31182407/"
"Osteoarthritis and cartilage","Sex Differences in Preoperative Pain Intensity Among Patients Undergoing Total Knee Arthroplasty: A Propensity Score-Matched Cross-Sectional Study.",41423136,"10.1016/j.joca.2025.12.009",56,"https://pubmed.ncbi.nlm.nih.gov/41423136/"
"Osteoarthritis and cartilage","Sex Differences in Preoperative Pain Intensity Among Patients Undergoing Total Knee Arthroplasty: A Propensity Score-Matched Cross-Sectional Study.",41423136,"10.1016/j.joca.2025.12.009",56,"https://pubmed.ncbi.nlm.nih.gov/41423136/"
"Journal of ISAKOS : joint disorders & orthopaedic sports medicine","Increased Risk of Postoperative Complications in Non-Alcoholic Cirrhosis Versus Non-Alcoholic Fatty Liver Disease Following Total Knee Arthroplasty: A National Matched Cohort Study.",41389938,"10.1016/j.jisako.2025.101051",55,"https://pubmed.ncbi.nlm.nih.gov/41389938/"
"Journal of ISAKOS : joint disorders & orthopaedic sports medicine","Increased Risk of Postoperative Complications in Non-Alcoholic Cirrhosis Versus Non-Alcoholic Fatty Liver Disease Following Total Knee Arthroplasty: A National Matched Cohort Study.",41389938,"10.1016/j.jisako.2025.101051",55,"https://pubmed.ncbi.nlm.nih.gov/41389938/"
"Sports medicine and arthroscopy review","The Influence of Athletes' Age in the Onset of Osteoarthritis: A Systematic Review.",35533061,"10.1097/JSA.0000000000000345",51,"https://pubmed.ncbi.nlm.nih.gov/35533061/"
"Sports medicine and arthroscopy review","The Influence of Athletes' Age in the Onset of Osteoarthritis: A Systematic Review.",35533061,"10.1097/JSA.0000000000000345",51,"https://pubmed.ncbi.nlm.nih.gov/35533061/"
"Knee surgery; sports traumatology; arthroscopy : official journal of the ESSKA","Patients with previous anterior cruciate ligament reconstruction achieve equally good outcomes after total knee arthroplasty: A Swedish registry-based study of 7755 patients.",41431980,"10.1002/ksa.70240",50,"https://pubmed.ncbi.nlm.nih.gov/41431980/"
"Osteoarthritis and cartilage","Immediate reductions in compressive and shear forces in the knee from gait retraining are associated with slowed cartilage degeneration after 1 year in medial knee osteoarthritis: A retrospective observational cohort study.",41389909,"10.1016/j.joca.2025.12.007",49,"https://pubmed.ncbi.nlm.nih.gov/41389909/"
"Osteoarthritis and cartilage","Immediate reductions in compressive and shear forces in the knee from gait retraining are associated with slowed cartilage degeneration after 1 year in medial knee osteoarthritis: A retrospective observational cohort study.",41389909,"10.1016/j.joca.2025.12.007",49,"https://pubmed.ncbi.nlm.nih.gov/41389909/"
"The Journal of arthroplasty","Short Tibial Extensions Are Associated With Reduced Tibial Component Loosening for Primary; Cemented Total Knee Arthroplasty: A Systematic Review and Meta-Analysis.",40484050,"10.1016/j.arth.2025.06.006",46,"https://pubmed.ncbi.nlm.nih.gov/40484050/"
"The American journal of sports medicine","Outcomes of Distal Femoral Osteotomy for Valgus Malalignment: A Systematic Review and Meta-analysis of Closing Wedge Versus Opening Wedge Techniques.",35156408,"10.1177/03635465211051740",46,"https://pubmed.ncbi.nlm.nih.gov/35156408/"
"The American journal of sports medicine","Outcomes of Distal Femoral Osteotomy for Valgus Malalignment: A Systematic Review and Meta-analysis of Closing Wedge Versus Opening Wedge Techniques.",35156408,"10.1177/03635465211051740",46,"https://pubmed.ncbi.nlm.nih.gov/35156408/"
"The Journal of arthroplasty","Short Tibial Extensions Are Associated With Reduced Tibial Component Loosening for Primary; Cemented Total Knee Arthroplasty: A Systematic Review and Meta-Analysis.",40484050,"10.1016/j.arth.2025.06.006",46,"https://pubmed.ncbi.nlm.nih.gov/40484050/"
"Skeletal radiology","Clinical prediction models for knee pain in patients with knee osteoarthritis: a systematic review.",38265451,"10.1007/s00256-024-04590-x",45,"https://pubmed.ncbi.nlm.nih.gov/38265451/"
"Skeletal radiology","Clinical prediction models for knee pain in patients with knee osteoarthritis: a systematic review.",38265451,"10.1007/s00256-024-04590-x",45,"https://pubmed.ncbi.nlm.nih.gov/38265451/"
"Knee surgery; sports traumatology; arthroscopy : official journal of the ESSKA","Deep learning-derived orthogonal minimum joint space width improves radiographic assessment of knee osteoarthritis severity and progression.",41368950,"10.1002/ksa.70227",44,"https://pubmed.ncbi.nlm.nih.gov/41368950/"
"Knee surgery; sports traumatology; arthroscopy : official journal of the ESSKA","Deep learning-derived orthogonal minimum joint space width improves radiographic assessment of knee osteoarthritis severity and progression.",41368950,"10.1002/ksa.70227",44,"https://pubmed.ncbi.nlm.nih.gov/41368950/"
"The bone & joint journal","Are there functional biomechanical differences in robotic arm-assisted bi-unicompartmental knee arthroplasty compared with conventional total knee arthroplasty? A prospective; randomized controlled trial.",35360949,"10.1302/0301-620X.104B4.BJJ-2021-0837.R1",42,"https://pubmed.ncbi.nlm.nih.gov/35360949/"
"Modern rheumatology","The MRI-detected osteophyte score is a predictor for undergoing joint replacement in patients with end-stage knee osteoarthritis.",27425372,"10.1080/14397595.2016.1206509",42,"https://pubmed.ncbi.nlm.nih.gov/27425372/"
"Modern rheumatology","The MRI-detected osteophyte score is a predictor for undergoing joint replacement in patients with end-stage knee osteoarthritis.",27425372,"10.1080/14397595.2016.1206509",42,"https://pubmed.ncbi.nlm.nih.gov/27425372/"
"The bone & joint journal","Are there functional biomechanical differences in robotic arm-assisted bi-unicompartmental knee arthroplasty compared with conventional total knee arthroplasty? A prospective; randomized controlled trial.",35360949,"10.1302/0301-620X.104B4.BJJ-2021-0837.R1",42,"https://pubmed.ncbi.nlm.nih.gov/35360949/"
"Orthopaedics & traumatology; surgery & research : OTSR","Clinical outcomes of fixed-bearing unicompartmental knee arthroplasty in patients with ACL degeneration and patellofemoral joint degeneration: A retrospective cohort study.",40664348,"10.1016/j.otsr.2025.104333",41,"https://pubmed.ncbi.nlm.nih.gov/40664348/"
"Seminars in arthritis and rheumatism","Clinical and biochemical factors associated with risk of total joint replacement and radiographic progression in osteoarthritis: Data from two phase III clinical trials.",32249039,"10.1016/j.semarthrit.2020.03.002",41,"https://pubmed.ncbi.nlm.nih.gov/32249039/"
"Seminars in arthritis and rheumatism","Clinical and biochemical factors associated with risk of total joint replacement and radiographic progression in osteoarthritis: Data from two phase III clinical trials.",32249039,"10.1016/j.semarthrit.2020.03.002",41,"https://pubmed.ncbi.nlm.nih.gov/32249039/"
"Orthopaedics & traumatology; surgery & research : OTSR","Clinical outcomes of fixed-bearing unicompartmental knee arthroplasty in patients with ACL degeneration and patellofemoral joint degeneration: A retrospective cohort study.",40664348,"10.1016/j.otsr.2025.104333",41,"https://pubmed.ncbi.nlm.nih.gov/40664348/"
"The journal of knee surgery","Social Deprivation as a Risk Factor for Manipulation Under Anesthesia Following Total Knee Arthroplasty.",41330555,"10.1055/a-2756-0368",40,"https://pubmed.ncbi.nlm.nih.gov/41330555/"
"Journal of medical Internet research","Predictive Value of Machine Learning in Knee Osteoarthritis Progression: Systematic Review and Meta-Analysis.",41468605,"10.2196/80430",40,"https://pubmed.ncbi.nlm.nih.gov/41468605/"
"Journal of medical Internet research","Predictive Value of Machine Learning in Knee Osteoarthritis Progression: Systematic Review and Meta-Analysis.",41468605,"10.2196/80430",40,"https://pubmed.ncbi.nlm.nih.gov/41468605/"
"The journal of knee surgery","Social Deprivation as a Risk Factor for Manipulation Under Anesthesia Following Total Knee Arthroplasty.",41330555,"10.1055/a-2756-0368",40,"https://pubmed.ncbi.nlm.nih.gov/41330555/"
"Pathology; research and practice","Circulating biomarkers in osteoarthritis: a systematic review unveiling key trends and future prospects.",41177097,"10.1016/j.prp.2025.156281",39,"https://pubmed.ncbi.nlm.nih.gov/41177097/"
"Pathology; research and practice","Circulating biomarkers in osteoarthritis: a systematic review unveiling key trends and future prospects.",41177097,"10.1016/j.prp.2025.156281",39,"https://pubmed.ncbi.nlm.nih.gov/41177097/"
"Journal of bodywork and movement therapies","Impact of home-based exercise and clinic-based physiotherapy on mobility status of patients undergoing total knee replacement: A randomized clinical trial.",41316605,"10.1016/j.jbmt.2025.09.006",38,"https://pubmed.ncbi.nlm.nih.gov/41316605/"
"The Clinical journal of pain","Only 1% of Total Knee Arthroplasty Clinical Trials Report Patient Opioid Use Before or After Surgery: A Systematic Review.",37335227,"10.1097/AJP.0000000000001139",38,"https://pubmed.ncbi.nlm.nih.gov/37335227/"
"The Clinical journal of pain","Only 1% of Total Knee Arthroplasty Clinical Trials Report Patient Opioid Use Before or After Surgery: A Systematic Review.",37335227,"10.1097/AJP.0000000000001139",38,"https://pubmed.ncbi.nlm.nih.gov/37335227/"
"Journal of bodywork and movement therapies","Impact of home-based exercise and clinic-based physiotherapy on mobility status of patients undergoing total knee replacement: A randomized clinical trial.",41316605,"10.1016/j.jbmt.2025.09.006",38,"https://pubmed.ncbi.nlm.nih.gov/41316605/"
"Journal of orthopaedics","Comparison of mobile-bearing and fixed-bearing total knee arthroplasty in patients with severe varus deformity: A triple-blind randomized controlled trial.",41356154,"10.1016/j.jor.2025.11.022",36,"https://pubmed.ncbi.nlm.nih.gov/41356154/"
"Journal of orthopaedics","Comparison of mobile-bearing and fixed-bearing total knee arthroplasty in patients with severe varus deformity: A triple-blind randomized controlled trial.",41356154,"10.1016/j.jor.2025.11.022",36,"https://pubmed.ncbi.nlm.nih.gov/41356154/"
"European journal of radiology","Total knee radiomic feature atlas derived from magnetic resonance imaging segmentation: Insights into osteoarthritis incidence predictors.",41187641,"10.1016/j.ejrad.2025.112480",35,"https://pubmed.ncbi.nlm.nih.gov/41187641/"
"Archives of orthopaedic and trauma surgery","Current role of intraoperative sensing technology in total knee arthroplasty.",34427757,"10.1007/s00402-021-04130-5",35,"https://pubmed.ncbi.nlm.nih.gov/34427757/"
"Archives of orthopaedic and trauma surgery","Current role of intraoperative sensing technology in total knee arthroplasty.",34427757,"10.1007/s00402-021-04130-5",35,"https://pubmed.ncbi.nlm.nih.gov/34427757/"
"European journal of radiology","Total knee radiomic feature atlas derived from magnetic resonance imaging segmentation: Insights into osteoarthritis incidence predictors.",41187641,"10.1016/j.ejrad.2025.112480",35,"https://pubmed.ncbi.nlm.nih.gov/41187641/"
"International journal of behavioral medicine","A Preliminary Examination of the Effects and Mechanisms of Cognitive Behavioral Therapy for Insomnia on Systemic Inflammation Among Patients with Knee Osteoarthritis.",37231221,"10.1007/s12529-023-10184-z",34,"https://pubmed.ncbi.nlm.nih.gov/37231221/"
"International journal of behavioral medicine","A Preliminary Examination of the Effects and Mechanisms of Cognitive Behavioral Therapy for Insomnia on Systemic Inflammation Among Patients with Knee Osteoarthritis.",37231221,"10.1007/s12529-023-10184-z",34,"https://pubmed.ncbi.nlm.nih.gov/37231221/"
"The Journal of arthroplasty","Long-Term Outcomes After Conversion of High Tibial Osteotomy to Total Knee Arthroplasty in a United States Population.",41423024,"10.1016/j.arth.2025.12.034",33,"https://pubmed.ncbi.nlm.nih.gov/41423024/"
"The Knee","Imageless robotic surgery and a personalized approach: optimizing TKA after ACL reconstruction.",41067207,"10.1016/j.knee.2025.09.007",33,"https://pubmed.ncbi.nlm.nih.gov/41067207/"
"The Knee","Imageless robotic surgery and a personalized approach: optimizing TKA after ACL reconstruction.",41067207,"10.1016/j.knee.2025.09.007",33,"https://pubmed.ncbi.nlm.nih.gov/41067207/"
"The Journal of arthroplasty","Long-Term Outcomes After Conversion of High Tibial Osteotomy to Total Knee Arthroplasty in a United States Population.",41423024,"10.1016/j.arth.2025.12.034",33,"https://pubmed.ncbi.nlm.nih.gov/41423024/"
"The Knee","Long-term outcomes and predictors of failure after medial opening-wedge high tibial osteotomy: a 138-knee cohort with up to 10-year follow-up.",41422630,"10.1016/j.knee.2025.104303",32,"https://pubmed.ncbi.nlm.nih.gov/41422630/"
"HSS journal : the musculoskeletal journal of Hospital for Special Surgery","Travel Time to a Reconstruction Center Is Not Associated With Progression to Arthroplasty Following Knee Osteoarthritis Diagnosis: A Retrospective; Single-Institution Analysis.",41426344,"10.1177/15563316251397993",32,"https://pubmed.ncbi.nlm.nih.gov/41426344/"
"The journal of knee surgery","Short-Term Effects of Isometric Quadriceps Muscle Exercise with Auditory and Visual Feedback on Pain; Physical Function; and Performance after Total Knee Arthroplasty: A Randomized Controlled Trial.",33241542,"10.1055/s-0040-1721035",32,"https://pubmed.ncbi.nlm.nih.gov/33241542/"
"Knee surgery; sports traumatology; arthroscopy : official journal of the ESSKA","Midflexion instability in total knee arthroplasty: a systematic review.",32133537,"10.1007/s00167-020-05909-6",32,"https://pubmed.ncbi.nlm.nih.gov/32133537/"
"Knee surgery; sports traumatology; arthroscopy : official journal of the ESSKA","Midflexion instability in total knee arthroplasty: a systematic review.",32133537,"10.1007/s00167-020-05909-6",32,"https://pubmed.ncbi.nlm.nih.gov/32133537/"
"The journal of knee surgery","Short-Term Effects of Isometric Quadriceps Muscle Exercise with Auditory and Visual Feedback on Pain; Physical Function; and Performance after Total Knee Arthroplasty: A Randomized Controlled Trial.",33241542,"10.1055/s-0040-1721035",32,"https://pubmed.ncbi.nlm.nih.gov/33241542/"
"HSS journal : the musculoskeletal journal of Hospital for Special Surgery","Travel Time to a Reconstruction Center Is Not Associated With Progression to Arthroplasty Following Knee Osteoarthritis Diagnosis: A Retrospective; Single-Institution Analysis.",41426344,"10.1177/15563316251397993",32,"https://pubmed.ncbi.nlm.nih.gov/41426344/"
"The Knee","Long-term outcomes and predictors of failure after medial opening-wedge high tibial osteotomy: a 138-knee cohort with up to 10-year follow-up.",41422630,"10.1016/j.knee.2025.104303",32,"https://pubmed.ncbi.nlm.nih.gov/41422630/"
"Clinical rheumatology","A clinical model for predicting knee replacement in early-stage knee osteoarthritis: data from osteoarthritis initiative.",34802087,"10.1007/s10067-021-05986-z",31,"https://pubmed.ncbi.nlm.nih.gov/34802087/"
"Contemporary clinical trials","Surgical weight-loss to improve functional status trajectories following total knee arthroplasty: SWIFT trial: Rationale; design; and methods.",29617634,"10.1016/j.cct.2018.03.012",31,"https://pubmed.ncbi.nlm.nih.gov/29617634/"
"Contemporary clinical trials","Surgical weight-loss to improve functional status trajectories following total knee arthroplasty: SWIFT trial: Rationale; design; and methods.",29617634,"10.1016/j.cct.2018.03.012",31,"https://pubmed.ncbi.nlm.nih.gov/29617634/"
"Clinical rheumatology","A clinical model for predicting knee replacement in early-stage knee osteoarthritis: data from osteoarthritis initiative.",34802087,"10.1007/s10067-021-05986-z",31,"https://pubmed.ncbi.nlm.nih.gov/34802087/"
"Journal of orthopaedics","Bending the odds: Clinical predictors of 30-day morbidity and surgical outcomes following total knee arthroplasty.",41246160,"10.1016/j.jor.2025.08.063",30,"https://pubmed.ncbi.nlm.nih.gov/41246160/"
"The journal of knee surgery","Patient-Level Value Analysis in Primary Total Knee Arthroplasty: An Analysis of Time-Driven Activity-Based Costs and Symptom Improvement in 2;789 Procedures.",41309094,"10.1055/a-2756-0510",30,"https://pubmed.ncbi.nlm.nih.gov/41309094/"
"The Journal of arthroplasty","The AAHKS Clinical Research Award: Intraosseous Regional Prophylaxis Provides Higher Tissue Concentrations in High BMI Patients in Total Knee Arthroplasty: A Randomized Trial.",29655497,"10.1016/j.arth.2018.03.013",30,"https://pubmed.ncbi.nlm.nih.gov/29655497/"
"The Knee","Factors affecting the incidence and management of fixed flexion deformity in total knee arthroplasty: A systematic review.",29681527,"10.1016/j.knee.2018.03.008",30,"https://pubmed.ncbi.nlm.nih.gov/29681527/"
"The Knee","Factors affecting the incidence and management of fixed flexion deformity in total knee arthroplasty: A systematic review.",29681527,"10.1016/j.knee.2018.03.008",30,"https://pubmed.ncbi.nlm.nih.gov/29681527/"
"The Journal of arthroplasty","The AAHKS Clinical Research Award: Intraosseous Regional Prophylaxis Provides Higher Tissue Concentrations in High BMI Patients in Total Knee Arthroplasty: A Randomized Trial.",29655497,"10.1016/j.arth.2018.03.013",30,"https://pubmed.ncbi.nlm.nih.gov/29655497/"
"The journal of knee surgery","Patient-Level Value Analysis in Primary Total Knee Arthroplasty: An Analysis of Time-Driven Activity-Based Costs and Symptom Improvement in 2;789 Procedures.",41309094,"10.1055/a-2756-0510",30,"https://pubmed.ncbi.nlm.nih.gov/41309094/"
"Journal of orthopaedics","Bending the odds: Clinical predictors of 30-day morbidity and surgical outcomes following total knee arthroplasty.",41246160,"10.1016/j.jor.2025.08.063",30,"https://pubmed.ncbi.nlm.nih.gov/41246160/"
"The Knee","Varus and neutral coronal knee phenotypes dominate globally: insights from a systematic review and meta-analysis of the CPAK classification.",41138539,"10.1016/j.knee.2025.10.002",29,"https://pubmed.ncbi.nlm.nih.gov/41138539/"
"International orthopaedics","Human bone marrow mesenchymal stem cell injection in subchondral lesions of knee osteoarthritis: a prospective randomized study versus contralateral arthroplasty at a mean fifteen year follow-up.",32322943,"10.1007/s00264-020-04571-4",29,"https://pubmed.ncbi.nlm.nih.gov/32322943/"
"International orthopaedics","Human bone marrow mesenchymal stem cell injection in subchondral lesions of knee osteoarthritis: a prospective randomized study versus contralateral arthroplasty at a mean fifteen year follow-up.",32322943,"10.1007/s00264-020-04571-4",29,"https://pubmed.ncbi.nlm.nih.gov/32322943/"
"The Knee","Varus and neutral coronal knee phenotypes dominate globally: insights from a systematic review and meta-analysis of the CPAK classification.",41138539,"10.1016/j.knee.2025.10.002",29,"https://pubmed.ncbi.nlm.nih.gov/41138539/"
"The Journal of arthroplasty","A Machine Learning Method to Determine Candidates for Total and Unicompartmental Knee Arthroplasty Based on a Voting Mechanism.",40482935,"10.1016/j.arth.2025.06.005",25,"https://pubmed.ncbi.nlm.nih.gov/40482935/"
"The Knee","Association of autophagy-related proteins in serum and synovial fluid with the severity of knee osteoarthritis.",40812073,"10.1016/j.knee.2025.07.022",25,"https://pubmed.ncbi.nlm.nih.gov/40812073/"
"The Knee","Association of autophagy-related proteins in serum and synovial fluid with the severity of knee osteoarthritis.",40812073,"10.1016/j.knee.2025.07.022",25,"https://pubmed.ncbi.nlm.nih.gov/40812073/"
"The Journal of arthroplasty","A Machine Learning Method to Determine Candidates for Total and Unicompartmental Knee Arthroplasty Based on a Voting Mechanism.",40482935,"10.1016/j.arth.2025.06.005",25,"https://pubmed.ncbi.nlm.nih.gov/40482935/"
"Knee surgery; sports traumatology; arthroscopy : official journal of the ESSKA","Surgeon-defined assessment is a poor predictor of knee balance in total knee arthroplasty: a prospective; multicenter study.",32170358,"10.1007/s00167-020-05925-6",24,"https://pubmed.ncbi.nlm.nih.gov/32170358/"
"Knee surgery; sports traumatology; arthroscopy : official journal of the ESSKA","Surgeon-defined assessment is a poor predictor of knee balance in total knee arthroplasty: a prospective; multicenter study.",32170358,"10.1007/s00167-020-05925-6",24,"https://pubmed.ncbi.nlm.nih.gov/32170358/"
"The Journal of arthroplasty","Does Relative Femoral and Tibial Component Size Influence Revision Risk Following Primary Total Knee Arthroplasty?",40513903,"10.1016/j.arth.2025.06.033",23,"https://pubmed.ncbi.nlm.nih.gov/40513903/"
"The Journal of arthroplasty","Does Relative Femoral and Tibial Component Size Influence Revision Risk Following Primary Total Knee Arthroplasty?",40513903,"10.1016/j.arth.2025.06.033",23,"https://pubmed.ncbi.nlm.nih.gov/40513903/"
"Osteoarthritis and cartilage","Comprehensive Zonal Assessment of Meniscal Degeneration Using Quantitative UTE MRI.",41421422,"10.1016/j.joca.2025.12.017",20,"https://pubmed.ncbi.nlm.nih.gov/41421422/"
"Osteoarthritis and cartilage","Comprehensive Zonal Assessment of Meniscal Degeneration Using Quantitative UTE MRI.",41421422,"10.1016/j.joca.2025.12.017",20,"https://pubmed.ncbi.nlm.nih.gov/41421422/"
"Clinical rheumatology","Sex-related differences in circulating inflammatory cytokines in knee osteoarthritis: a prospective clinical study.",41410840,"10.1007/s10067-025-07877-z",19,"https://pubmed.ncbi.nlm.nih.gov/41410840/"
"Phytomedicine : international journal of phytotherapy and phytopharmacology","Atractylenolide III regulates Vitamin K1 metabolism to activate effector chondrocytes for ameliorating cartilage degeneration in KOA.",41242311,"10.1016/j.phymed.2025.157537",19,"https://pubmed.ncbi.nlm.nih.gov/41242311/"
"The Journal of arthroplasty","Valgus Stress Radiographs Predict Lateral-Compartment Cartilage Thickness but Not Cartilage Degeneration in Varus Osteoarthritis.",27836579,"10.1016/j.arth.2016.09.039",19,"https://pubmed.ncbi.nlm.nih.gov/27836579/"
"The Journal of arthroplasty","Valgus Stress Radiographs Predict Lateral-Compartment Cartilage Thickness but Not Cartilage Degeneration in Varus Osteoarthritis.",27836579,"10.1016/j.arth.2016.09.039",19,"https://pubmed.ncbi.nlm.nih.gov/27836579/"
"Phytomedicine : international journal of phytotherapy and phytopharmacology","Atractylenolide III regulates Vitamin K1 metabolism to activate effector chondrocytes for ameliorating cartilage degeneration in KOA.",41242311,"10.1016/j.phymed.2025.157537",19,"https://pubmed.ncbi.nlm.nih.gov/41242311/"
"Clinical rheumatology","Sex-related differences in circulating inflammatory cytokines in knee osteoarthritis: a prospective clinical study.",41410840,"10.1007/s10067-025-07877-z",19,"https://pubmed.ncbi.nlm.nih.gov/41410840/"
"Journal of orthopaedics","CPAK oversimplifies the complex 3D anatomy of the bony knee: Role of 3D CT for improved analysis - a schematic overview.",41282574,"10.1016/j.jor.2025.10.003",15,"https://pubmed.ncbi.nlm.nih.gov/41282574/"
"Journal of robotic surgery","Comparable outcomes between cruciate-retaining and posterior-stabilized implants following functionally aligned robotic-assisted total knee arthroplasty for varus knee osteoarthritis.",41324708,"10.1007/s11701-025-03008-7",15,"https://pubmed.ncbi.nlm.nih.gov/41324708/"
"Journal of clinical orthopaedics and trauma","Post-traumatic genu recurvatum with slope reversal and arthritis treated with imageless robotic total knee replacement - Case report.",41283165,"10.1016/j.jcot.2025.103257",15,"https://pubmed.ncbi.nlm.nih.gov/41283165/"
"Clinical rheumatology","Association of macrophage colony-stimulating factor 1 and its locus with osteoarthritis: Mendelian randomization and colocalization analysis.",41134489,"10.1007/s10067-025-07765-6",15,"https://pubmed.ncbi.nlm.nih.gov/41134489/"
"Clinical rheumatology","Association of macrophage colony-stimulating factor 1 and its locus with osteoarthritis: Mendelian randomization and colocalization analysis.",41134489,"10.1007/s10067-025-07765-6",15,"https://pubmed.ncbi.nlm.nih.gov/41134489/"
"Journal of clinical orthopaedics and trauma","Post-traumatic genu recurvatum with slope reversal and arthritis treated with imageless robotic total knee replacement - Case report.",41283165,"10.1016/j.jcot.2025.103257",15,"https://pubmed.ncbi.nlm.nih.gov/41283165/"
"Journal of robotic surgery","Comparable outcomes between cruciate-retaining and posterior-stabilized implants following functionally aligned robotic-assisted total knee arthroplasty for varus knee osteoarthritis.",41324708,"10.1007/s11701-025-03008-7",15,"https://pubmed.ncbi.nlm.nih.gov/41324708/"
"Journal of orthopaedics","CPAK oversimplifies the complex 3D anatomy of the bony knee: Role of 3D CT for improved analysis - a schematic overview.",41282574,"10.1016/j.jor.2025.10.003",15,"https://pubmed.ncbi.nlm.nih.gov/41282574/"
"Journal of orthopaedics","Comparison of periarticular knee anatomy between patients with knee osteoarthritis and normal adults.",41246165,"10.1016/j.jor.2025.08.054",14,"https://pubmed.ncbi.nlm.nih.gov/41246165/"
"Journal of orthopaedics","Comparison of periarticular knee anatomy between patients with knee osteoarthritis and normal adults.",41246165,"10.1016/j.jor.2025.08.054",14,"https://pubmed.ncbi.nlm.nih.gov/41246165/"
"Clinics in sports medicine","High Tibial Osteotomy Versus Unicompartmental Knee Replacement: How Do We Choose?",41207750,"10.1016/j.csm.2025.01.003",13,"https://pubmed.ncbi.nlm.nih.gov/41207750/"
"The journal of gene medicine","Synovial Mesenchymal Stem Cell-Derived Exosomal miR-3614-5p Regulates Macrophage Polarization by Targeting ANXA2 to Relieve Knee Osteoarthritis.",41384314,"10.1002/jgm.70064",13,"https://pubmed.ncbi.nlm.nih.gov/41384314/"
"The Knee","Preservation of posterior cruciate ligament in cruciate-retaining total knee arthroplasty with a cruciate-substituting insert does not affect postoperative clinical outcomes; including Forgotten Joint Score 12.",41067208,"10.1016/j.knee.2025.09.001",13,"https://pubmed.ncbi.nlm.nih.gov/41067208/"
"The Knee","Preservation of posterior cruciate ligament in cruciate-retaining total knee arthroplasty with a cruciate-substituting insert does not affect postoperative clinical outcomes; including Forgotten Joint Score 12.",41067208,"10.1016/j.knee.2025.09.001",13,"https://pubmed.ncbi.nlm.nih.gov/41067208/"
"The journal of gene medicine","Synovial Mesenchymal Stem Cell-Derived Exosomal miR-3614-5p Regulates Macrophage Polarization by Targeting ANXA2 to Relieve Knee Osteoarthritis.",41384314,"10.1002/jgm.70064",13,"https://pubmed.ncbi.nlm.nih.gov/41384314/"
"Clinics in sports medicine","High Tibial Osteotomy Versus Unicompartmental Knee Replacement: How Do We Choose?",41207750,"10.1016/j.csm.2025.01.003",13,"https://pubmed.ncbi.nlm.nih.gov/41207750/"
"Tissue & cell","Crosstalk between programmed cell death in chondrocytes-a molecular mechanism of osteoarthritis.",41027246,"10.1016/j.tice.2025.103161",11,"https://pubmed.ncbi.nlm.nih.gov/41027246/"
"Functional & integrative genomics","Exosomal miRNA-25-3p from platelet-rich plasma alleviates chondrocyte pyroptosis and knee osteoarthritis by regulating MAP4K2/Hippo/TNFAIP3 pathway.",41354766,"10.1007/s10142-025-01780-1",11,"https://pubmed.ncbi.nlm.nih.gov/41354766/"
"Anesthesiology clinics","Updates in Enhanced Recovery Pathways for Total Knee Arthroplasty.",41233101,"10.1016/j.anclin.2025.07.006",11,"https://pubmed.ncbi.nlm.nih.gov/41233101/"
"Anesthesiology clinics","Updates in Enhanced Recovery Pathways for Total Knee Arthroplasty.",41233101,"10.1016/j.anclin.2025.07.006",11,"https://pubmed.ncbi.nlm.nih.gov/41233101/"
"Functional & integrative genomics","Exosomal miRNA-25-3p from platelet-rich plasma alleviates chondrocyte pyroptosis and knee osteoarthritis by regulating MAP4K2/Hippo/TNFAIP3 pathway.",41354766,"10.1007/s10142-025-01780-1",11,"https://pubmed.ncbi.nlm.nih.gov/41354766/"
"Tissue & cell","Crosstalk between programmed cell death in chondrocytes-a molecular mechanism of osteoarthritis.",41027246,"10.1016/j.tice.2025.103161",11,"https://pubmed.ncbi.nlm.nih.gov/41027246/"
"Inflammation research : official journal of the European Histamine Research Society ... [et al.]","Target Fibroblast-B cell crosstalk via MIF signaling drives pathogenic B cell differentiation and joint damage in knee osteoarthritis.",41407905,"10.1007/s00011-025-02154-w",7,"https://pubmed.ncbi.nlm.nih.gov/41407905/"
"Phytomedicine : international journal of phytotherapy and phytopharmacology","Sclareol alleviates synovial inflammation in knee osteoarthritis by regulating sphingolipid metabolism along the gut-bone axis.",41273871,"10.1016/j.phymed.2025.157563",7,"https://pubmed.ncbi.nlm.nih.gov/41273871/"
"Journal of applied biomechanics","Experimentally Induced Knee Effusion Does Not Simulate Sustained Ground Reaction Force Profiles During Overground Walking.",40983317,"10.1123/jab.2025-0013",7,"https://pubmed.ncbi.nlm.nih.gov/40983317/"
"Journal of applied biomechanics","Experimentally Induced Knee Effusion Does Not Simulate Sustained Ground Reaction Force Profiles During Overground Walking.",40983317,"10.1123/jab.2025-0013",7,"https://pubmed.ncbi.nlm.nih.gov/40983317/"
"Phytomedicine : international journal of phytotherapy and phytopharmacology","Sclareol alleviates synovial inflammation in knee osteoarthritis by regulating sphingolipid metabolism along the gut-bone axis.",41273871,"10.1016/j.phymed.2025.157563",7,"https://pubmed.ncbi.nlm.nih.gov/41273871/"
"Inflammation research : official journal of the European Histamine Research Society ... [et al.]","Target Fibroblast-B cell crosstalk via MIF signaling drives pathogenic B cell differentiation and joint damage in knee osteoarthritis.",41407905,"10.1007/s00011-025-02154-w",7,"https://pubmed.ncbi.nlm.nih.gov/41407905/"
"Zhonghua liu xing bing xue za zhi = Zhonghua liuxingbingxue zazhi","[Study on the genetic correlation between polyunsaturated fatty acids and knee osteoarthritis].",41429527,"10.3760/cma.j.cn112338-20250529-00360",5,"https://pubmed.ncbi.nlm.nih.gov/41429527/"
"Zhonghua liu xing bing xue za zhi = Zhonghua liuxingbingxue zazhi","[Study on the genetic correlation between polyunsaturated fatty acids and knee osteoarthritis].",41429527,"10.3760/cma.j.cn112338-20250529-00360",5,"https://pubmed.ncbi.nlm.nih.gov/41429527/"